instance,a,b,mean_c_ab,mean_c_ba
sdmk05,EDA,EDA-VNS,0.25,0.5833333333333334
sdmk05,EDA,H-GA-TS,0.2222222222222222,0.3333333333333333
sdmk05,EDA,NSGA-II,0.7321428571428572,0.0833333333333333
sdmk05,EDA-TS,EDA,1.0,0.0
sdmk05,EDA-TS,EDA-VNS,1.0,0.0
sdmk05,EDA-TS,H-GA-TS,1.0,0.0
sdmk05,EDA-TS,NSGA-II,1.0,0.0
sdmk05,EDA-VNS,H-GA-TS,0.4444444444444444,0.16666666666666666
sdmk05,NSGA-II,EDA-VNS,0.0,0.8035714285714286
sdmk05,NSGA-II,H-GA-TS,0.375,0.6428571428571428
